"percentile","share"
"p0p50",0.0505375
"p50p90",0.3657125
"p90p100",0.58374375
"p99p100",0.25321875
